Clothing Items,linen pants
Clothing Items,cargo jeans
Clothing Items,maxi skirt
Clothing Items,wide leg pants
Clothing Items,linen dress
Clothing Items,oversized blazers
Clothing Items,Patchwork denim jacket
Clothing Items,Upcycled denim jacket
Clothing Items,Cork handbag/crossbody bag
Clothing Items,Raffia clutch/bag
Clothing Items,Crochet outfit
Clothing Items,Jorts (jean shorts)
Aesthetics and Styles,quiet luxury
Aesthetics and Styles,monochrome outfits
Aesthetics and Styles,vintage
Aesthetics and Styles,Y2K fashion
Aesthetics and Styles,acubi
Aesthetics and Styles,mermaidcore
Aesthetics and Styles,old money
Aesthetics and Styles,cottagecore
Aesthetics and Styles,fairycore
Aesthetics and Styles,Ethereal
Aesthetics and Styles,Light academia
Aesthetics and Styles,dark academia
Aesthetics and Styles,goth
Aesthetics and Styles,balletcore
Aesthetics and Styles,coquette
Aesthetics and Styles,skater aesthetic
Aesthetics and Styles,elevated indie
Aesthetics and Styles,cyberpunk
Aesthetics and Styles,softgirl
Aesthetics and Styles,babiecore
Aesthetics and Styles,beige
Aesthetics and Styles,whimsical
Aesthetics and Styles,early-2000s
Aesthetics and Styles,Tenniscore
Aesthetics and Styles,Balletcore
Aesthetics and Styles,Coquette aesthetic
Aesthetics and Styles,Tomato Girl aesthetic
Aesthetics and Styles,Vanilla Girl aesthetic
Aesthetics and Styles,Eclectic Grandpa
Fabrics and materials,organc cotton
Fabrics and materials,hemp clothing
Fabrics and materials,recycled polyester
Fabrics and materials,Linen
Fabrics and materials,tencel
Fabrics and materials,Bamboo fabric
Fabrics and materials,recycled cotton
Fabrics and materials,cork fabric
Fabrics and materials,pinatex
Fabrics and materials,mushroom leather
Fabrics and materials,nylon
Fabrics and materials,econyl
Fabrics and materials,leather
Fabrics and materials,sustainable tencel
Fabrics and materials,Cork fabric
Fabrics and materials,Seaweed-based yarn/fabric
Fabrics and materials,Pineapple leather (Piñatex)
Fabrics and materials,Cactus leather
Fabrics and materials,Lab-grown leather
Fabrics and materials,EcoVero™ viscose
Fabrics and materials,Cupro™ fabric
Fabrics and materials,Raffia
Occasions and seasons,summer
Occasions and seasons,back to school outfits
Occasions and seasons,fall boots
Occasions and seasons,prom
Occasions and seasons,christmas
Occasions and seasons,halloween costume
Occasions and seasons,costume
Occasions and seasons,cultural
Occasions and seasons,streetwear
Occasions and seasons,casual outfit
Occasions and seasons,everyday look
Occasions and seasons,party dress
Occasions and seasons,cocktail dress
Occasions and seasons,night out dress
Occasions and seasons,squin dress
Occasions and seasons,club outfit
Occasions and seasons,workwear
Occasions and seasons,office outfit
Occasions and seasons,business casual
Occasions and seasons,formal dress
Occasions and seasons,wedding guest dress
Occasions and seasons,bridesmaid dress
Occasions and seasons,engagement photoshoot outift
Occasions and seasons,graduation dress
Occasions and seasons,vacation outfit
Occasions and seasons,beachwear
Occasions and seasons,summer vacation outfit
Occasions and seasons,christmas
Occasions and seasons,diwali
Occasions and seasons,eid
Occasions and seasons,floral dress
Occasions and seasons,light jacket
Occasions and seasons,pasel outfit
Occasions and seasons,spring trends
Occasions and seasons,crop top
Occasions and seasons,sundress
Occasions and seasons,trench coat
Occasions and seasons,knitwear
Occasions and seasons,fall sweater
Occasions and seasons,fall fashion trends
Occasions and seasons,thermal wear
Occasions and seasons,winter boots
Occasions and seasons,puffer jacket
Occasions and seasons,rainy day fit
Occasions and seasons,warm weather
Occasions and seasons,Festival fashion
Occasions and seasons,Vacation/resort wear
sustainable fashion,slow fashion
sustainable fashion,thrifting
sustainable fashion,capsule wardrobe
sustainable fashion,eco-friendly
sustainable fashion,eco-friendly dyes
sustainable fashion,vegan material
sustainable fashion,cruelty-free
sustainable fashion,virtual fitting
sustainable fashion,textile
sustainable fashion,polyester
sustainable fashion,cotton
sustainable fashion,organic cotton
sustainable fashion,eco friendly clothing
sustainable fashion,ethical fashion
sustainable fashion,slow fashion
sustainable fashion,consious fashion
sustainable fashion,zero waste
sustainable fashion,sustainable wardrobe
sustainable fashion,sustainable brands
sustainable fashion,organic
sustainable fashion,organic wool
sustainable fashion,organic linen
sustainable fashion,recycled wool
sustainable fashion,upcycled denim
sustainable fashion,biodegradable
sustainable fashion,sustainable leather
sustainable fashion,natural dyes
sustainable fashion,fair trade clothing
sustainable fashion,small batch clothing
sustainable fashion,carbon-neutral
sustainable fashion,low waste
sustainable fashion,clothing resale
sustainable fashion,rental fashion
sustainable fashion,thrift flip
sustainable fashion,repurposed clothing
sustainable fashion,vintage
sustainable fashion,minimalist
sustainable fashion,outfit repeating
sustainable fashion,cactus leather
sustainable fashion,biofabricated
sustainable fashion,Circular fashion
sustainable fashion,Clothing rental
sustainable fashion,Recycled materials
sustainable fashion,On-demand  production
sustainable fashion,Slow fashion
sustainable fashion,Transparent supply chain
Clothing Items,sneakers
Clothing Items,tshirt
Clothing Items,blouse
Clothing Items,cardigan
Clothing Items,winter jacket
Clothing Items,sweater
Clothing Items,sweatshirt
Clothing Items,sweatpants
Clothing Items,gloves
Clothing Items,mittens
Clothing Items,bandana
Clothing Items,bow tie
Clothing Items,button-down shirt
Clothing Items,bell-bottoms
Clothing Items,camouflage
Clothing Items,corset
Clothing Items,earrings
Clothing Items,infinity scarf
Clothing Items,bralette
Clothing Items,infinity scarf
Clothing Items,pleated mini skirt
Clothing Items,bonber jaket 
Clothing Items,skort 
Clothing Items,hat